title,date,url,day_of_week,days_to_rs
Mullen Announces the Sale of 22 EV Cargo Vans to Randy Marion Automotive Group; Sales Revenue to Be Recognized in Upcoming 10-Q,2023-06-29,https://news.mullenusa.com/mullen-announces-the-sale-of-22-ev-cargo-vans-to-randy-marion-automotive-group-sales-revenue-to-be-recognized-in-upcoming-10-q,Thursday,-56
"Mullen Series D Holders Exercise Final $100 Million Investment Option Prior to June 30, 2023, Expiration",2023-06-27,https://news.mullenusa.com/mullen-series-d-holders-exercise-final-100-million-investment-option-prior-to-june-30-2023-expiration,Tuesday,-54
Mullen Announces Moratorium on New Financings for Balance of 2023; Company Has Sufficient Capital for at Least the Next 12 Months,2023-06-21,https://news.mullenusa.com/mullen-announces-moratorium-on-new-financings-for-balance-of-2023-company-has-sufficient-capital-for-at-least-the-next-12-months,Wednesday,-48
Mullen Launches AI-Powered PERSONA Vehicle Technology Across All EV Lineups,2023-06-20,https://news.mullenusa.com/mullen-launches-ai-powered-persona-vehicle-technology-across-all-ev-lineups,Tuesday,-47
Mullen Corrects and Re-Issues Letter to Shareholders -- $0.38 Per Share Updated From $0.038 Per Share,2023-06-15,https://news.mullenusa.com/mullen-corrects-and-re-issues-letter-to-shareholders-0.38-per-share-updated-from-0.038-per-share,Thursday,-42
Mullen Issues Letter to Shareholders,2023-06-15,https://news.mullenusa.com/mullen-issues-letter-to-shareholders,Thursday,-42
Mullen Announces Development of Light-Weight EV Truck Body with Phenix Truck Bodies & Van Equipment of Southern California,2023-06-12,https://news.mullenusa.com/mullen-announces-development-of-light-weight-ev-truck-body-with-phenix-truck-bodies-van-equipment-of-southern-california,Monday,-39
Mullen Completes Successful Commercial Drive Event and Showcase at 2023 Government Fleet Expo,2023-05-25,https://news.mullenusa.com/mullen-completes-successful-commercial-drive-event-and-showcase-at-2023-government-fleet-expo,Thursday,-21
"Mullen Partners with Amerit Fleet Solutions to Support National Service, Parts and Warranty for All Commercial Vehicles",2023-05-23,https://news.mullenusa.com/mullen-partners-with-amerit-fleet-solutions-to-support-national-service-parts-and-warranty-for-all-commercial-vehicles,Tuesday,-19
Mullen Trades Above $1 Minimum Bid Price Requirement for 10 Consecutive Days,2023-05-18,https://news.mullenusa.com/mullen-trades-above-1-minimum-bid-price-requirement-for-10-consecutive-days,Thursday,-14
NRTC Integration Underway in Preparation for Production Start of Class 3 EV Cab Chassis Truck,2023-05-17,https://news.mullenusa.com/nrtc-integration-underway-in-preparation-for-production-start-of-class-3-ev-cab-chassis-truck,Wednesday,-13
Mullen Automotive Readies for Commercial Vehicle Launch with First Demonstration Vehicle Delivered to Randy Marion Automotive in North Carolina,2023-05-16,https://news.mullenusa.com/mullen-automotive-readies-for-commercial-vehicle-launch-with-first-demonstration-vehicle-delivered-to-randy-marion-automotive-in-north-carolina,Tuesday,-12
Mullen Automotive Provides Fiscal Second Quarter 2023 Business Update,2023-05-15,https://news.mullenusa.com/mullen-automotive-provides-fiscal-second-quarter-2023-business-update,Monday,-11
Mullen Advanced Energy Operations Provides May 15 Update on EMM Testing and Installation with D.C. City Government,2023-05-15,https://news.mullenusa.com/mullen-advanced-energy-operations-provides-may-15-update-on-emm-testing-and-installation-with-d.c.-city-government,Monday,-11
Mullen Automotive Provides Business Update,2023-05-15,https://news.mullenusa.com/mullen-automotive-provides-business-update,Monday,-11
"Mullen Announces $15,755,000 Vehicle Purchase Agreement with MGT Lease Company for 250 Class 3 Commercial EV Trucks",2023-05-11,https://news.mullenusa.com/mullen-announces-15755000-vehicle-purchase-agreement-with-mgt-lease-company-for-250-class-3-commercial-ev-trucks,Thursday,-7
Mullen Readies for Commercial Launches and Announces Customer Pricing for Class 1 EV Cargo Vans and Class 3 EV Cab Chassis Trucks,2023-05-04,https://news.mullenusa.com/mullen-readies-for-commercial-launches-and-announces-customer-pricing-for-class-1-ev-cargo-vans-and-class-3-ev-cab-chassis-trucks,Thursday,0
"Mullen Automotive Inc. Announces 1-for 25 Reverse Stock Split effective May 4, 2023",2023-05-03,https://news.mullenusa.com/mullen-automotive-inc.-announces-1-for-25-reverse-stock-split-effective-may-4-2023,Wednesday,1
Mullen Automotive Provides Company Update,2023-05-03,https://news.mullenusa.com/mullen-automotive-provides-company-update,Wednesday,1
"Mullen Announces 1,000-Vehicle Order Received from Randy Marion Automotive Group for Class 3 EV Cab Chassis Trucks",2023-05-02,https://news.mullenusa.com/mullen-announces-1000-vehicle-order-received-from-randy-marion-automotive-group-for-class-3-ev-cab-chassis-trucks,Tuesday,2
UNC Charlotte Places Second Fleet Order for Mullen EV Cargo Vans for University Campus Use,2023-05-01,https://news.mullenusa.com/unc-charlotte-places-second-fleet-order-for-mullen-ev-cargo-vans-for-university-campus-use,Monday,3
Mullen Addresses Concerns Regarding Recent Stock Performance,2023-04-28,https://news.mullenusa.com/mullen-addresses-concerns-regarding-recent-stock-performance,Friday,6
"Mullen Automotive, Inc. Forms Mullen Advanced Energy Operations, LLC.",2023-04-18,https://news.mullenusa.com/mullen-automotive-inc.-forms-mullen-advanced-energy-operations-llc,Tuesday,16
Mullen Automotive Accelerates Implementation of Its Solid-State Polymer Battery Technology to Integrate with Class 1 EV Cargo Vans,2023-04-04,https://news.mullenusa.com/mullen-automotive-accelerates-implementation-of-its-solid-state-polymer-battery-technology-to-integrate-with-class-1-ev-cargo-vans,Tuesday,30
Menzies Completes Successful LAX Pilot Program of Mullen Class 1 EV Cargo and Passenger Vans,2023-04-03,https://news.mullenusa.com/menzies-completes-successful-lax-pilot-program-of-mullen-class-1-ev-cargo-and-passenger-vans,Monday,31
"Mullen and Randy Marion Deliver First Class 1 EV Cargo Vans to UNC Charlotte, Forthcoming Announcement of Additional Customer Class 1 Van Deliveries to Follow",2023-03-31,https://news.mullenusa.com/mullen-and-randy-marion-deliver-first-class-1-ev-cargo-vans-to-the-university-of-north-carolina-at-charlotte,Friday,34
Mullen and Randy Marion Deliver First Class 1 EV Cargo Vans to MGT Lease Company in North Carolina,2023-03-31,https://news.mullenusa.com/mullen-and-randy-marion-deliver-first-class-1-ev-cargo-vans-to-mgt-lease-company-in-north-carolina,Friday,34
Mullen Automotive Files Lawsuit Against Intersection Media Group d/b/a dot.LA and Reporter for Damages Sustained from False Article,2023-03-28,https://news.mullenusa.com/mullen-automotive-files-lawsuit-against-intersection-media-group-d/b/a-dot.la-and-reporter-for-damages-sustained-from-false-article,Tuesday,37
"Mullen Automotive and Qiantu Motors to Launch EV Supercar Branded Mullen GT and GTRS with Program Start Commencing March 20, 2023",2023-03-20,https://news.mullenusa.com/mullen-automotive-and-qiantu-motors-to-launch-ev-supercar-branded-mullen-gt-and-gtrs-with-program-start-commencing-march-20-2023,Monday,45
Mullen CEO David Michery Releases Statement Addressing Shareholder Inquires,2023-03-16,https://news.mullenusa.com/mullen-ceo-david-michery-releases-statement-addressing-shareholder-inquires,Thursday,49
Nasdaq Approves 180-Day Extension for Mullen Automotive to Meet Minimum $1 Bid Price,2023-03-08,https://news.mullenusa.com/nasdaq-approves-180-day-extension-for-mullen-automotive-to-meet-minimum-1-bid-price,Wednesday,57
Mullen to Unveil First Two EV Commercial Products at NTEA Work Truck Show This Week,2023-03-07,https://news.mullenusa.com/mullen-to-unveil-first-two-ev-commercial-products-at-ntea-work-truck-show-this-week,Tuesday,58
Rapid Response Defense Systems Selects Mullen Automotive as the Exclusive Provider for Class 1 EV Cargo Vans,2023-03-06,https://news.mullenusa.com/rapid-response-defense-systems-selects-mullen-automotive-as-the-exclusive-provider-for-class-1-ev-cargo-vans,Monday,59
"Mullen Automotive, Loop Global and Menzies Aviation Pilot New Electric Vehicles and Charging Infrastructure at Los Angeles International Airport",2023-02-02,https://news.mullenusa.com/mullen-automotive-loop-global-and-menzies-aviation-pilot-new-electric-vehicles-and-charging-infrastructure-at-los-angeles-international-airport,Thursday,91
Mullen Announces Key Hires Across EV Programs,2023-01-26,https://news.mullenusa.com/mullen-announces-key-hires-across-ev-programs-1,Thursday,98
Mullen Announces Result of Special Meeting of Shareholders,2023-01-25,https://news.mullenusa.com/mullen-announces-result-of-special-meeting-of-shareholders,Wednesday,99
That’s a Wrap: 2022 Mullen FIVE Strikingly Different Tour Closes with Great Success,2022-12-20,https://news.mullenusa.com/thats-a-wrap-2022-mullen-five-strikingly-different-tour-closes-with-great-success,Tuesday,135
"Mullen Receives Purchase Order from Randy Marion Automotive Group for 6,000 Class 1 EV Cargo Vans",2022-12-15,https://news.mullenusa.com/mullen-automotive-receives-purchase-order-from-randy-marion-automotive-group-for-6000-class-1-ev-cargo-vans,Thursday,140
"Mullen Automotive Partners with Loop Global to Deploy EV Charging Solutions, Including a Public DC Fast Charging Network and Residential Offerings",2022-12-14,https://news.mullenusa.com/mullen-automotive-partners-with-loop-global-to-deploy-ev-charging-solutions-including-a-public-dc-fast-charging-network-and-residential-offerings,Wednesday,141
"Mullen Signs First U.S. Dealer Partner, Randy Marion Automotive Group, as Company Prepares for 3 Commercial Product Launches in 2023",2022-12-13,https://news.mullenusa.com/mullen-signs-first-u.s-dealer-partner-randy-marion-automotive-group-as-company-prepares-for-3-commercial-product-launches-in-2023,Tuesday,142
Former General Motors Federal Government Sales Leader Ronald Dixon to Lead Mullen’s EV Charge for US Government Fleet Sales,2022-12-09,https://news.mullenusa.com/former-general-motors-federal-government-sales-leader-ronald-dixon-to-lead-mullens-ev-charge-for-u.s.-government-fleet-sales2,Friday,146
Mullen Hires Donald Borthwick as Vice President of Commercial Sales; Previously Head of Western Region for Ford Commercial Sales,2022-12-08,https://news.mullenusa.com/mullen-hires-donald-borthwick-as-vice-president-of-commercial-sales-previously-head-of-western-region-for-ford-commercial-sales,Thursday,147
"Mullen Automotive Officially Closes on Acquisition of ELMS Assets, Takes Possession of Plant in Mishawaka, Ind., All Intellectual Property and Related Inventory",2022-12-01,https://news.mullenusa.com/mullen-automotive-officially-closes-on-acquisition-of-elms-assets-takes-possession-of-plant-in-mishawaka-ind.-all-intellectual-property-and-related-inventory,Thursday,154
Mullen Announces Funding to Close on ELMS Assets,2022-11-17,https://news.mullenusa.com/mullen-announces-funding-to-close-on-elms-assets,Thursday,168
Mullen ‘Strikingly Different’ EV Crossover Tour Heads to Texas After Completing a Successful Sold Out Stop in Las Vegas,2022-11-15,https://news.mullenusa.com/mullen-strikingly-different-ev-crossover-tour-heads-to-texas-after-completing-a-successful-sold-out-stop-in-las-vegas,Tuesday,170
Bollinger Motors Announces Our Next Energy as Battery Supplier for Electric Commercial Trucks,2022-11-10,https://news.mullenusa.com/bollinger-motors-announces-our-next-energy-as-battery-supplier-for-electric-commercial-trucks,Thursday,175
"Mullen Automotive Announces Elimination of Approximately $13 Million in Debt, with Less than $10 Million of Debt Remaining",2022-11-02,https://news.mullenusa.com/mullen-automotive-announces-elimination-of-approximately-13-million-in-debt-with-less-than-10-million-of-debt-remaining,Wednesday,183
Overwhelmingly Positive Reactions Pour in From First Leg of Mullen Automotive's ‘Strikingly Different’ Tour,2022-10-31,https://news.mullenusa.com/overwhelmingly-positive-reactions-pour-in-from-first-leg-of-mullen-automotives-strikingly-different-five-ev-crossover-tour,Monday,185
Pre-orders for Mullen FIVE Electric-SUV Crossover Exceed Expectations as the FIVE ‘Strikingly Different’ Tour Begins,2022-10-28,https://news.mullenusa.com/pre-orders-for-mullen-five-electric-suv-crossover-exceed-expectations-as-the-five-strikingly-different-tour-begins,Friday,188
"Mullen FIVE ‘Strikingly Different’ EV Crossover Tour Starts Tomorrow, Oct. 27, in Pasadena, California; New Los Angeles Area Stop Added",2022-10-26,https://news.mullenusa.com/mullen-five-strikingly-different-ev-crossover-tour-starts-tomorrow-oct.-27-in-pasadena-california-new-los-angeles-area-stop-added,Wednesday,190
Mullen Automotive Taps Former GM Executive John Schwegman as Chief Commercial Officer for Next Phase of EV Growth,2022-10-21,https://news.mullenusa.com/mullen-automotive-taps-former-gm-executive-john-schwegman-as-chief-commercial-officer-for-next-phase-of-ev-growth,Friday,195
"Mullen Continues Acquisition Path With Purchase of ELMS Assets Including Factory in Mishawaka, IN., Enabling EV Production for Retail and Commercial Vehicle Lines",2022-10-19,https://news.mullenusa.com/mullen-continues-acquisition-path-with-purchase-of-elms-assets-including-factory-in-mishawaka-in.-enabling-ev-production-for-retail-and-commercial-vehicle-lines,Wednesday,197
"Mullen Automotive’s ‘Strikingly Different’ Tour Kicks Off in California this October and in Nevada, November 2022",2022-09-26,https://news.mullenusa.com/mullen-automotives-strikingly-different-tour-kicks-off-in-california-this-october-and-in-nevada-november-2022,Monday,220
Bollinger Motors and Wabash Announce Joint Development to Produce Last-Mile Refrigerated Delivery Electric Truck,2022-09-21,https://news.mullenusa.com/bollinger-motors-and-wabash-announce-joint-development-to-produce-last-mile-refrigerated-delivery-electric-truck,Wednesday,225
Mullen Unveils Details on the Mullen FIVE RS High-Performance EV Sport Crossover,2022-09-15,https://news.mullenusa.com/mullen-unveils-details-on-the-mullen-five-rs-high-performance-ev-sport-crossover,Thursday,231
Mullen Automotive Responds to Shareholders Regarding Majority Acquisition of Bollinger Motors,2022-09-09,https://news.mullenusa.com/mullen-automotive-responds-to-shareholders-regarding-majority-acquisition-of-bollinger-motors,Friday,237
"Mullen Automotive and Bollinger Motors, Inc. to Discuss Acquisition on Live Webinar",2022-09-08,https://news.mullenusa.com/mullen-automotive-and-bollinger-motors-inc.-to-discuss-acquisition-on-live-webinar,Thursday,238
"Mullen Automotive Acquires Controlling Interest in EV Truck Innovator Bollinger Motors, Inc.",2022-09-08,https://news.mullenusa.com/mullen-automotive-acquires-controlling-interest-in-ev-truck-innovator-bollinger-motors-inc,Thursday,238
Mullen Signs Partnership with Watergen to Launch Water-from-Air Solutions for EVs,2022-09-01,https://news.mullenusa.com/mullen-signs-partnership-with-watergen-to-launch-water-from-air-solutions-for-evs,Thursday,245
Mullen Announces Collaboration with Team Rosberg Engineering (TRE) for Vehicle Chassis Development,2022-08-25,https://news.mullenusa.com/mullen-announces-collaboration-with-team-rosberg-engineering-tre-for-vehicle-chassis-development,Thursday,252
Mullen to Launch First Fully Functional Demonstrator FIVE EV Crossover Vehicles in October 2022,2022-08-22,https://news.mullenusa.com/mullen-to-launch-first-fully-functional-demonstrator-five-ev-crossover-vehicles-in-october-2022,Monday,255
Mullen Automotive Announces Preliminary Third Quarter Results,2022-08-09,https://news.mullenusa.com/mullen-automotive-announces-preliminary-third-quarter-results,Tuesday,268
Mullen Announces Andre Hudson as Vice President of Design,2022-08-08,https://news.mullenusa.com/mullen-announces-andre-hudson-as-vice-president-of-design,Monday,269
Mullen Automotive Announces Addition of Detroit EV Technology Team,2022-08-03,https://news.mullenusa.com/mullen-automotive-announces-addition-of-detroit-ev-technology-team,Wednesday,274
Mullen Automotive CEO to be Featured on Upcoming Live Interview with Benzinga,2022-08-02,https://news.mullenusa.com/mullen-automotive-ceo-to-be-featured-on-upcoming-live-interview-with-benzinga,Tuesday,275
"Mullen Opens 100 Technology Drive in Irvine, California, for Automotive EV Development Center",2022-08-01,https://news.mullenusa.com/mullen-opens-100-technology-drive-in-irvine-california-for-automotive-ev-development-center,Monday,276
2022 Mullen Automotive Annual Shareholder Meeting,2022-07-26,https://news.mullenusa.com/2022-mullen-automotive-annual-shareholder-meeting,Tuesday,282
Mullen Automotive Reminds Shareholders of Upcoming Annual Meeting,2022-07-21,https://news.mullenusa.com/mullen-automotive-reminds-shareholders-of-upcoming-annual-meeting,Thursday,287
"Mullen Automotive Signs Binding Agreement with DelPack Logistics, LLC, an Amazon Delivery Services Partner, for Class 1 & 2 EV Cargo Vans",2022-07-11,https://news.mullenusa.com/mullen-automotive-signs-binding-agreement-with-delpack-logistics-llc-an-amazon-delivery-services-partner-for-class-1-2-ev-cargo-vans,Monday,297
Mullen Eliminates $17.5 Million in Company Debt,2022-07-05,https://news.mullenusa.com/mullen-eliminates-17.5-million-in-company-debt,Tuesday,303
Mullen to Report Strongest Balance Sheet in Company’s History,2022-06-30,https://news.mullenusa.com/mullen-to-report-strongest-balance-sheet-in-companys-history,Thursday,308
Mullen Automotive Issues Update to Shareholders,2022-06-23,https://news.mullenusa.com/mullen-automotive-issues-update-to-shareholders,Thursday,315
Mullen Automotive Announces Filing of U.S. and International Patent Applications for Mullen FIVE EV Crossover,2022-06-22,https://news.mullenusa.com/mullen-automotive-announces-filing-of-u.s.-and-international-patent-applications-for-mullen-five-ev-crossover,Wednesday,316
Mullen Extends Maturity of Senior Secured Convertible Note,2022-06-21,https://news.mullenusa.com/mullen-extends-maturity-of-senior-secured-convertible-note,Tuesday,317
Mullen Automotive to be Added to the Russell 2000® and 3000® Indexes,2022-06-06,https://news.mullenusa.com/mullen-automotive-to-be-added-to-the-russell-2000-and-3000-indexes,Monday,332
Mullen Automotive CEO to Be Featured on Benzinga’s ‘All Access’ Series,2022-06-02,https://news.mullenusa.com/mullen-automotive-ceo-to-be-featured-on-benzingas-all-access-series,Thursday,336
Mullen Automotive Announces Impressive Solid-State Polymer Battery Test Results,2022-05-31,https://news.mullenusa.com/mullen-automotive-announces-impressive-solid-state-polymer-battery-test-results,Tuesday,338
Mullen Announces Hiring of Richard Curtis to President of International Operations,2022-05-20,https://news.mullenusa.com/mullen-announces-hiring-of-richard-curtis-to-president-of-international-operations,Friday,349
Mullen Automotive Announces Key New Hires to Fuel Company’s Growth,2022-05-17,https://news.mullenusa.com/mullen-automotive-announces-key-new-hires-to-fuel-companys-growth,Tuesday,352
Mullen and Development Partner Take Solid-State Polymer Battery Cell Technology to the Vehicle Pack Level,2022-05-16,https://news.mullenusa.com/mullen-and-development-partner-take-solid-state-polymer-battery-cell-technology-to-the-vehicle-pack-level,Monday,353
Mullen Reports Preliminary Summary of Financial Results for Second Quarter,2022-05-13,https://news.mullenusa.com/mullen-reports-preliminary-summary-of-financial-results-for-second-quarter,Friday,356
Mullen Issues Update on Its Solid-State Polymer Battery Testing,2022-05-10,https://news.mullenusa.com/mullen-issues-update-on-its-solid-state-polymer-battery-testing,Tuesday,359
Mullen Adds High-Performance Mullen FIVE RS to Its ‘Strikingly Different’ U.S. Test Drive Tour; New 2023 Stops Announced,2022-05-05,https://news.mullenusa.com/mullen-adds-high-performance-mullen-five-rs-to-its-strikingly-different-u.s.-test-drive-tour-new-2023-stops-announced,Thursday,364
Coming to a City Near You: Mullen Announces U.S. Test Drive Tour for the Mullen FIVE EV Crossover,2022-05-03,https://news.mullenusa.com/coming-to-a-city-near-you-mullen-announces-u.s-test-drive-tour-for-the-mullen-five-ev-crossover,Tuesday,366
Mullen Automotive Files U.S. Department of Energy ATVM Loan Application for Mullen ONE EV Cargo Van Program,2022-05-02,https://news.mullenusa.com/mullen-automotive-files-u.s.-department-of-energy-atvm-loan-application-for-mullen-one-ev-cargo-van-program,Monday,367
The Buzz EV News Features Mullen Automotive in ‘What Is the Mullen FIVE & What’s Next for the EV Maker – Q&A’,2022-04-25,https://news.mullenusa.com/the-buzz-ev-news-features-mullen-automotive-in-what-is-the-mullen-five-whats-next-for-the-ev-maker-qa,Monday,374
"Mullen to Conduct Solid-State Polymer Battery Cell Testing with Leading Independent Facility, Battery Innovation Center (BIC), in Indiana",2022-04-21,https://news.mullenusa.com/mullen-to-conduct-solid-state-polymer-battery-cell-testing-with-leading-independent-facility-battery-innovation-center-bic-in-indiana,Thursday,378
"Mullen Automotive to Begin Construction for EV Battery Pack Production at High Voltage R&D Facility in Monrovia, California",2022-04-18,https://news.mullenusa.com/mullen-automotive-to-begin-construction-for-ev-battery-pack-production-at-high-voltage-rd-facility-in-monrovia-california,Monday,381
"Mullen Promotes John Taylor, Former Tesla Executive, to Global Manufacturing and Strategic Planning Head as EV Business Expands",2022-04-04,https://news.mullenusa.com/mullen-promotes-john-taylor-former-tesla-executive-to-global-manufacturing-and-strategic-planning-head-as-ev-business-expands,Monday,395
Mullen Strengthens Balance Sheet,2022-03-28,https://news.mullenusa.com/mullen-strengthens-balance-sheet,Monday,402
Leading Publication ‘Wccf Tech’ Reports Mullen Automotive Continues to Receive Strong Interest From a Growing and Devoted Group of Mullen FIVE Enthusiasts,2022-03-24,https://news.mullenusa.com/leading-publication-wccf-tech-reports-mullen-automotive-continues-to-receive-strong-interest-from-a-growing-and-devoted-group-of-mullen-five-enthusiasts,Thursday,406
Mullen Automotive Featured by Yahoo Finance Live,2022-03-17,https://news.mullenusa.com/mullen-automotive-featured-by-yahoo-finance-live,Thursday,413
"Mullen Featured on CarBuzz; The FIVE EV Crossover, Production Plans and Market Strategy Discussed",2022-03-14,https://news.mullenusa.com/mullen-featured-on-carbuzz-the-five-ev-crossover-production-plans-and-market-strategy-discussed,Monday,416
Financial Website Insider Monkey Names Mullen Automotive a Top Penny Stock to Buy in March,2022-03-09,https://news.mullenusa.com/financial-website-insider-monkey-names-mullen-automotive-a-top-penny-stock-to-buy-in-march,Wednesday,421
EV Manufacturer Mullen Announces Progress on Solid-State Polymer Battery Pack Development,2022-02-28,https://news.mullenusa.com/ev-manufacturer-mullen-announces-progress-on-solid-state-polymer-battery-pack-development,Monday,430
"Mullen Automotive Featured by WardsAuto™; Company’s Hybrid Retail Model, EVs, Manufacturing and Battery Tech Highlighted",2022-02-24,https://news.mullenusa.com/mullen-automotive-featured-by-wardsauto-companys-hybrid-retail-model-evs-manufacturing-and-battery-tech-highlighted,Thursday,434
Mullen Automotive Issues Letter to Shareholders,2022-02-17,https://news.mullenusa.com/mullen-automotive-issues-letter-to-shareholders,Thursday,441
Successful Consumer EV Market Study Reveals Mullen FIVE Scores High Against Tesla Model Y and Ford Mach-E,2022-02-14,https://news.mullenusa.com/successful-consumer-ev-market-study-reveals-mullen-five-scores-high-against-tesla-model-y-and-ford-mach-e,Monday,444
David Michery Shares Vision for Mullen Automotive on Industry Leading Podcast,2022-02-08,https://news.mullenusa.com/david-michery-shares-vision-for-mullen-automotive-on-industry-leading-podcast,Tuesday,450
Mullen Automotive Strengthens Balance Sheet,2022-02-07,https://news.mullenusa.com/mullen-automotive-strengthens-balance-sheet,Monday,451
"Mullen and Comau, a Leader in Industrial Automation, Team Up for Full-Scale Automotive Body Assembly at Mullen’s Tunica AMEC Facility",2022-01-31,https://news.mullenusa.com/mullen-and-comau-a-leader-in-industrial-automation-team-up-for-full-scale-automotive-body-assembly-at-mullens-tunica-amec-facility,Monday,458
Mullen Automotive Electric Vehicle Program Update,2022-01-13,https://news.mullenusa.com/mullen-automotive-electric-vehicle-program-update,Thursday,476
Mullen Automotive Named as a Top EV Startup to Watch Out for in 2022,2022-01-06,https://news.mullenusa.com/mullen-automotive-named-as-a-top-ev-startup-to-watch-out-for-in-2022,Thursday,483
Mullen Announces Strategic Partnership with DSA Systems for Over the Air (OTA) Technology and Vehicle System Diagnostics,2021-12-29,https://news.mullenusa.com/mullen-announces-strategic-partnership-with-dsa-systems-for-over-the-air-technology-and-vehicle-system-diagnostics,Wednesday,491
Mullen and Dürr Announce Partnership for Upcoming EV Manufacturing Footprint,2021-12-20,https://news.mullenusa.com/mullen-and-durr-announce-partnership-for-upcoming-ev-manufacturing-footprint,Monday,500
"Mullen and ARRK, a Leading German Automotive Engineering Company, Announce Partnership for Upcoming Mullen FIVE EV Crossover",2021-12-14,https://news.mullenusa.com/mullen-and-arrk-a-leading-german-automotive-engineering-company-announce-partnership-for-upcoming-mullen-five-ev-crossover,Tuesday,506
Mullen To Showcase The FIVE EV Crossover and Level 5 Autonomous Vehicle Technology at CES® (Consumer Electronic Show),2021-12-13,https://news.mullenusa.com/mullen-to-showcase-the-five-ev-crossover-and-level-5-autonomous-vehicle-technology-at-ces-consumer-electronic-show,Monday,507
Validation Process Commences for Mullen’s Class 2 EV Cargo Vans,2021-12-03,https://news.mullenusa.com/validation-process-commences-for-mullens-class-2-ev-cargo-vans,Friday,517
Mullen Announces Significant Customer Response to Debut of Mullen FIVE EV Crossover at LA Auto Show,2021-11-22,https://news.mullenusa.com/mullen-announces-significant-customer-response-to-debut-of-mullen-five-ev-crossover-at-la-auto-show,Monday,528
Mullen FIVE EV Crossover Debuts to the World and Wins ‘Top SUV’ Title at the 2021 LA Auto Show’s ZEVAS Awards,2021-11-18,https://news.mullenusa.com/mullen-five-ev-crossover-debuts-to-the-world-and-wins-top-suv-title-at-the-2021-la-auto-show-zevas-awards,Thursday,532
"Mullen to debut the FIVE EV Crossover Today, Nov. 17, 2021, at Los Angeles International Auto Show",2021-11-17,https://news.mullenusa.com/mullen-to-debut-the-five-ev-crossover-today-nov-17-2021-at-los-angeles-international-auto-show,Wednesday,533
"Mullen Automotive Announces It Now Owns Tunica, Mississippi, EV Assembly Plant Free and Clear",2021-11-15,https://news.mullenusa.com/mullen-automotive-announces-it-now-owns-tunica-mississippi-ev-assembly-plant-free-and-clear,Monday,535
Mullen Automotive Adds New Positions as Business Scales,2021-11-09,https://news.mullenusa.com/mullen-automotive-adds-new-positions-as-business-scales,Tuesday,541
Mullen Issues Letter to Shareholders on Merger Completion,2021-11-09,https://news.mullenusa.com/mullen-issues-letter-to-shareholders-on-merger-completion,Tuesday,541
Mullen Automotive Commences Trading on NASDAQ,2021-11-05,https://news.mullenusa.com/mullen-automotive-commences-trading-on-nasdaq,Friday,545
Mullen Automotive Updates Investors on Post Merger Share Count,2021-11-04,https://news.mullenusa.com/mullen-automotive-updates-investors-on-post-merger-share-count,Thursday,546
Mullen Automotive Begins Expansion Plans for 1.2M sq. ft. of Additional EV Manufacturing Space,2021-11-02,https://news.mullenusa.com/mullen-automotive-begins-expansion-plans-for-1.2m-sq.-ft.-of-additional-ev-manufacturing-space,Tuesday,548
"Net Element Inc., Mullen Automotive Announce Receipt of Conditional Approval to List on Nasdaq Capital Markets",2021-10-31,https://news.mullenusa.com/net-element-inc.-mullen-automotive-announce-receipt-of-conditional-approval-to-list-on-nasdaq-capital-markets,Sunday,550
Mullen Adds Vehicle Engineering and Homologation Expertise to Drive Efficiency and Decrease Time to Market,2021-10-28,https://news.mullenusa.com/mullen-adds-vehicle-engineering-and-homologation-expertise-to-drive-efficiency-and-decrease-time-to-market,Thursday,553
Mullen Receives Conditional Approval to List on Nasdaq Capital Markets,2021-10-27,https://news.mullenusa.com/mullen-receives-conditional-approval-to-list-on-nasdaq-capital-markets,Wednesday,554
Mullen FIVE EV Crossover Nominated for Top EV as Part of 2021 LA Auto Show’s ZEVA Awards,2021-10-14,https://news.mullenusa.com/mullen-five-ev-crossover-nominated-for-top-ev-as-part-of-2021-la-auto-shows-zeva-awards,Thursday,567
"Mullen and CCRC Group’s Subsidiary, Tenglong Automotive, Sign Definitive Agreement for Class 1 and Class 2 EV Cargo Vans for Assembly and Sales in US and Mexico Markets",2021-09-21,https://news.mullenusa.com/mullen-and-ccrc-groups-subsidiary-tenglong-automotive-sign-definitive-agreement-for-class-1-and-class-2-ev-cargo-vans-for-assembly-and-sales-in-us-and-mexico-market,Tuesday,590
Mullen Provides Shareholder Update,2021-07-28,https://news.mullenusa.com/mullen-provides-shareholder-update,Wednesday,645
Mullen Set to Rock ’n’ Roll in Memphis,2021-03-18,https://news.mullenusa.com/mullen-set-to-rock-n-roll-in-memphis,Thursday,777
"Mullen Technologies Announces Purchase of Advanced Engineering and Manufacturing Center in Tunica, MS",2021-03-11,https://news.mullenusa.com/mullen-technologies-announces-purchase-of-advanced-engineering-and-manufacturing-center-in-tunica-ms,Thursday,784
Mullen and NexTech Batteries Will Deliver the Most Advanced Lithium Sulfur Battery Technology Available Today,2021-03-08,https://news.mullenusa.com/mullen-and-nextech-batteries-will-deliver-the-most-advanced-lithium-sulfur-battery-technology-available-today,Monday,787
Former Tesla Lead for Advanced Manufacturing Group Joins Mullen Automotive as VP of EV Manufacturing.,2021-01-21,https://news.mullenusa.com/former-tesla-lead-for-advanced-manufacturing-group-joins-mullen-automotive-as-vp-of-ev-manufacturing,Thursday,833
"Mullen Technologies Receives Letter of Intent for Purchase Order of 1,500 MX-05 Electric Vehicles",2020-12-30,https://news.mullenusa.com/mullen-technologies-receives-letter-of-intent-for-purchase-order-of-1500-mx-05-electric-vehicles,Wednesday,855
NETE: Q3 2020 Revenues Improve Despite Continued Shutdowns in NY and California,2020-12-15,https://news.mullenusa.com/nete-q3-2020-revenues-improve-despite-continued-shutdowns,Tuesday,870
"NETE: Net Element Announces LOI for Reverse Merger With Mullen Technologies, Maker of EVs",2020-11-12,https://news.mullenusa.com/net-element-announces-loi-for-reverse-merger-with-mullen-technologies,Thursday,903
Mullen Technologies Building SUV facility in California,2020-11-12,https://news.mullenusa.com/mullen-technologies-building-suv-facility-in-california,Thursday,903
Mullen Technologies is Now Accepting Pre-Orders for its MX-05 Pure Electric All-Wheel Drive SUV,2020-11-01,https://news.mullenusa.com/mullen-technologies-is-now-accepting-pre-orders-for-its-mx-05-pure-electric-all-wheel-drive-suv,Sunday,914
Mullen Technologies to Begin Construction of Electric Vehicle Pilot Facility,2020-09-30,https://news.mullenusa.com/mullen-technologies-to-begin-construction-of-electric-vehicle-pilot-facility,Wednesday,946
Mullen Technologies Launches Mullen Funding Corporation for Captive Finance,2020-01-07,https://news.mullenusa.com/mullen-technologies-launches-mullen-funding-corporation-for-captive-finance,Tuesday,1213
Mullen Technologies Adds Engineering and Finance Depth as Business Scales,2019-11-20,https://news.mullenusa.com/mullen-technologies-adds-engineering-and-finance-depth-as-business-scales,Wednesday,1261
Mullen Providing Aerial Coverage and Commercials for Major NFL and NASCAR Events This Weekend,2019-09-27,https://news.mullenusa.com/mullen-providing-aerial-coverage-and-commercials-for-major-nfl-and-nascar-events-this-weekend,Friday,1315
Mullen Technologies in Washington DC Presenting EV Initiative to Congressional and Senate Committees,2019-09-26,https://news.mullenusa.com/mullen-in-washington-dc-presenting-ev-initiative-to-congressional-and-senate-committees,Thursday,1316
Mullen Technologies Purchases First Northern California Retail Location,2019-09-10,https://news.mullenusa.com/mullen-technologies-purchases-first-northern-california-retail-location,Tuesday,1332
Mullen Technologies to Make Pebble Beach Debut with K50 Electric Luxury Sports Car,2019-08-12,https://news.mullenusa.com/mullen-usa-to-make-pebble-beach-debut-with-k50-electric-luxury-sports-car,Monday,1361
The Qiantu K50 by Mullen at the 2019 New York City E-Prix,2019-07-13,https://news.mullenusa.com/qiantu-k50-by-mullen-at-the-2019-new-york-city-e-prix,Saturday,1391
Qiantu K50 by Mullen Wins Governor’s Choice Award at Balboa Bay Club Car Show,2019-06-16,https://news.mullenusa.com/qiantu-k50-by-mullen-wins-governor-choice-award-balboa-bay-club,Sunday,1418
Mullen Technologies Backing Up Successful Indy 500 With the 2019 Detroit Grand,2019-06-01,https://news.mullenusa.com/mullen-technologies-backing-up-successful-indy-500-with-the-2019-detroit-gran-prix,Saturday,1433
Mullen Technologies Indy 500 TV Ad Breaks The Internet,2019-05-27,https://news.mullenusa.com/mullen-technologies-indy-500-tv-ad,Monday,1438
Mullen Technologies Purchases Premier Dealership Location in Southern California,2019-05-17,https://news.mullenusa.com/mullen-technologies-purchases-premier-dealership-location/,Friday,1448
Mullen Technologies to Produce Qiantu K50 in Washington State,2019-04-29,https://news.mullenusa.com/mullen-technologies-qiantu-k50-washington-state,Monday,1466
Qiantu K50 by Mullen to Debut at the 2019 New York International Auto Show,2019-04-17,https://news.mullenusa.com/qiantuk50-mullen-2019-new-york-international-auto-show,Wednesday,1478
Mullen Technologies Presents the American Debut of the Qiantu K50,2019-04-03,https://news.mullenusa.com/american-debut-qiantu-k50-new-york-international-autoshow,Wednesday,1492
The “Future” of Electric Supercars Arrives in the United States,2019-03-23,https://news.mullenusa.com/future-of-electric-supercars-in-usa/,Saturday,1503
Mullen Technologies & Qiantu Motor Signed Partnership Agreement,2018-12-12,https://news.mullenusa.com/mullen-technologies-and-qiantu-motor-signed-partnership-agreement,Wednesday,1604
CarHub Now a Subsidiary of Mullen Technologies,2018-10-26,https://news.mullenusa.com/carhub-acquired-by-mullen,Friday,1651
